,Subreddit,Subscribers,Avg_Upvotes,Normalized Upvotes,Normalized Subs,Scores
0,pakistan,295034,682.9087261785356,0.007662681795139138,0.005979359457204198,0.00732601732755215
1,islamabad,103861,20.336487907465827,0.00020635169836035586,0.002038654581148522,0.0005728122749179891
2,lahore,99509,13.495726495726496,0.0001293684318529429,0.0019489455342611775,0.0004932838523345898
3,karachi,63748,18.83240223463687,0.0001894253035875944,0.0012117935981999814,0.0003938989625100718
4,technology,17200548,1682.7542857142857,0.01891455458285318,0.3544576563507378,0.08602317493643011
5,tech,651583,5353.941810344828,0.06022867016102882,0.013329008114978964,0.05084873775181885
6,technews,886447,411.3722358722359,0.004606915815073705,0.018170328332844144,0.007319598318627793
7,news,28691376,87976.98493975903,0.9900362406998653,0.5913214495093799,0.9102932824617682
8,worldnews,40918537,1744.3485342019544,0.019607712282888268,0.8433634898237433,0.18435886779105928
9,sports,21291060,1883.7755102040817,0.02117676920591949,0.43877657473337683,0.10469673031141097
10,youtube,2369521,69.98484848484848,0.0007650750251856046,0.04874136578766986,0.010360333177682458
11,television,17311024,913.6280323450135,0.010259107070918976,0.3567349304003532,0.07955427173680582
12,relationship_advice,13966948,,,0.28780251526275136,
13,relationships,3530522,19.653846153846153,0.00019866951374888743,0.07267341844053149,0.014693619299105409
14,AskReddit,48517348,72183.92097264438,0.812307245465126,1.0,0.8498457963721009
15,ask,1033167,2483.7263843648207,0.027928382843198537,0.021194710538568223,0.026581648382272477
16,Discussion,26754,10.881974248927039,9.995428133829267e-05,0.00044922547307350597,0.00016980851968533532
17,Filmmakers,2830035,2255.7901606425703,0.025363277294071992,0.05823407535069342,0.03193743690539628
18,filmmaking,22419,2.0,0.0,0.0003598668521505652,7.197337043011304e-05
19,Movies,33683919,496.87896253602304,0.005569175237780446,0.694234196309491,0.14330217945212256
20,MovieSuggestions,1556403,358.33433433433436,0.004010047913486118,0.031980327003905205,0.009604103731569936
21,FASTNU,4961,11.465,0.00010651542622758977,0.0,8.521234098207183e-05
22,NUST,15659,4.857142857142857,3.215317371597306e-05,0.0002205209980700393,6.982673858678631e-05
23,LinusTechTips,401346,254.96086508753862,0.0028467231234758595,0.008170799758832729,0.003911538450547234
24,religion,110656,122.804,0.0013594811991545436,0.002178721900449879,0.0015233293394136108
25,Catholicism,227581,36.23157894736842,0.0003852288665633741,0.0045889310703264305,0.0012259693073159855
26,islam,315929,49.55298013245033,0.000535142730818812,0.00641007419404038,0.0017101290234631257
27,progressive_islam,38056,,,0.0006821968995258881,
28,Judaism,110063,642.4954954954954,0.007207887025837719,0.0021664982182797972,0.006199609264326135
29,Buddhism,695564,790.5120240480962,0.008873607430223189,0.014235601311475356,0.009946006206473623
30,hinduism,166027,621.7267267267267,0.006974163385306534,0.0033201004930967426,0.006243350806864576
31,Freethought,51123,194.21,0.002163056531981514,0.0009515507864001827,0.0019207553828652479
32,exmuslim,179134,1419.2967806841045,0.01594970635874889,0.003590278911651987,0.01347782086932951
33,exmormon,311115,3534.6125126135216,0.03975464632624893,0.006310841806238064,0.03306588542224676
34,skeptic,206110,949.0832497492478,0.010658106288436555,0.0041463430772845705,0.009355753646206158
35,Music,34847662,27274.946410515673,0.30691912428930707,0.7182227706090818,0.389179853553262
36,todayilearned,37947915,88862.36826042726,1.0,0.7821291910455777,0.9564258382091155
37,science,32837958,1938.2671140939597,0.021789996507996123,0.6767961551757905,0.152791228241555
38,showerthoughts,32667443,71996.01869158879,0.8101926663255832,0.6732812796863613,0.7828103889977388
39,space,26595500,49775.44084934277,0.5601309315247198,0.5481185454758184,0.5577284543149396
40,askscience,25622108,9946.35871743487,0.11190994266747208,0.5280537319262398,0.19513870051922566
41,mildlyinteresting,23963960,87186.35441767068,0.9811387925172153,0.49387384298364867,0.883685802610502
42,explainlikeimfive,22935518,15061.982456140351,0.1694791812251256,0.47267426770816284,0.23011819852173304
43,LifeProTips,22700236,52798.09605662285,0.5941467168118283,0.4678243311342318,0.568882239676309
44,GetMotivated,23010586,294.54615384615386,0.0032922005565943083,0.47422166631380147,0.09747809370803574
45,Gadgets,22603416,1472.886323268206,0.01655278221397204,0.46582855220049263,0.10640793621127616
46,dataisbeautiful,21189187,872.9145038167939,0.009800932866543651,0.43667663683504176,0.09517607366024328
47,futurology,20795403,36321.61809045226,0.40872684641603835,0.4285594522487628,0.4126933675825833
48,Documentaries,20378348,10984.980904522614,0.12359819252981571,0.4199625757437992,0.18287106917261242
49,UpliftingNews,20011168,1625.0865051903115,0.0182655838251025,0.41239378717852,0.097091224495786
50,personalfinance,19808565,16.348552338530066,0.00016147302356972108,0.4082174723746329,0.08177267289378236
51,tifu,18611177,39785.20946626385,0.447704755731704,0.3835353638649032,0.4348708773583439
52,philosophy,18039785,4935.285570131181,0.05551727577442588,0.37175709370887067,0.11876523936131483
53,history,18205738,7471.751008064516,0.08406167062207716,0.3751779313600875,0.14228492276967925
54,Damnthatsinteresting,17412300,85945.16802443992,0.9671709639168075,0.3588225621633502,0.845501283566116
55,wallstreetbets,16731268,62611.73089005236,0.7045855437663624,0.3447842506698341,0.6326252851470567
56,NatureIsFuckingLit,14450663,57401.429868819374,0.6459508439194869,0.29777347381401786,0.5763153698983932
57,creepy,14864943,18457.30260521042,0.20768879272616333,0.3063131484336155,0.2274136638676538
58,InternetIsBeautiful,16631412,7183.99356223176,0.0808233603217033,0.34272588978151086,0.1332038662136648
59,lifehacks,13668266,16452.02132196162,0.1851221376187725,0.2816456959745147,0.20442684928992097
60,nba,13095184,26955.46946946947,0.30332385513500987,0.26983258935496207,0.29662560197900034
61,Fitness,11964929,110.81818181818181,0.0012245974662097195,0.24653431297866255,0.050286540568700286
62,interestingasfuck,12707618,6715.019713261649,0.07554571114973872,0.26184357821848675,0.11280528456348834
63,travel,11815016,8567.132530120482,0.09638866794945351,0.24344411253150663,0.12579975686586414
64,nfl,10410729,15256.254323499492,0.17166544120988933,0.21449713451535585,0.18023177987098263
65,AdviceAnimals,9951617,5592.7728,0.062916381165728,0.20503332478774958,0.09133976989013232
66,CryptoCurrency,8692918,8176.299554565701,0.09199038575452329,0.17908739473075197,0.10940978754976903
67,politics,8655106,2151.063888888889,0.02418472859115918,0.17830796493275006,0.055009375859477364
68,NetflixBestOf,9985813,41.195,0.0004410852753291475,0.20573821692179362,0.041500511604622044
69,mildlyinfuriating,8355915,1817.1005221932114,0.020426434840711112,0.17214065347887333,0.050769278568343554
70,soccer,7546249,20054.04919678715,0.22565795741493738,0.15545077177917466,0.21161652028778485
71,Parenting,7511078,2390.88376753507,0.026883568167688165,0.1547257816854075,0.05245201087123204
72,europe,7473745,32628.21263791374,0.36716269892439074,0.15395622565428496,0.32452140427036963
73,buildapc,7326279,4450.649746192893,0.05006337283180085,0.15091646593271116,0.07023399145198292
74,gardening,7198734,9889.606425702812,0.11127127446427793,0.14828734360154242,0.11867448829173083
75,Bitcoin,7081299,134.41402116402116,0.0014901358587210572,0.14586662165273376,0.030365433017523598
76,cars,6755960,4685.993987975952,0.052711845332987485,0.1391603138390201,0.07000153903419401
77,programming,6479316,3782.804526748971,0.04254770265714395,0.13345777028040282,0.06072971618179573
78,apple,5644281,7874.948312236287,0.0885990961590736,0.11624494997535371,0.09412826692232963
79,YouShouldKnow,5408555,21993.490830636463,0.24748367873273905,0.11138586109976406,0.22026411520614406
80,nevertellmetheodds,5578424,7744.631944444444,0.08713256647499759,0.11488742040254585,0.09268353726050725
81,frugal,5568472,6465.446333687566,0.07273710946982394,0.11468227692032552,0.08112614295992426
82,coolguides,5444395,1405.9315960912052,0.01579929977306235,0.11212464148589514,0.03506436811562891
83,socialskills,5483074,2813.145728643216,0.03163553993389335,0.11292194300808163,0.04789282054873101
84,foodhacks,5343566,2087.977412731006,0.023474777941697632,0.11004622386443282,0.04078906712624467
85,nasa,5205436,3569.1947791164657,0.04014382169407536,0.10719890983719271,0.05355483932269883
86,nutrition,5212861,15.531764705882352,0.00015228121344516797,0.10735196353046904,0.021592217676849945
87,NoStupidQuestions,4987510,21020.106382978724,0.23652958899945103,0.10270673755962575,0.209765018711486
88,Economics,4667658,385.206106870229,0.004312452383127075,0.09611353487924641,0.022672668882350942
89,TravelHacks,4711036,10.935314685314685,0.00010055455384933289,0.09700769826065248,0.019481983295209965
90,biology,4638667,107.25243770314192,0.0011844699697245644,0.09551593493018598,0.020050762961816848
91,dating_advice,4576833,,,0.09424133263118964,
92,Survival,4615292,1015.8180904522613,0.011409114212547679,0.0950340992291309,0.028134111215864323
93,unpopularopinion,4366130,31912.654471544716,0.3591100858148895,0.0898980501619102,0.30526767868429366
94,formula1,4345353,1530.0984719864177,0.0171966254687123,0.08946976779353281,0.031651253933676404
95,PremierLeague,4331040,276.9651741293532,0.003094351053368357,0.08917472974479693,0.02031042679165407
96,bodyweightfitness,4164249,1026.3259334006054,0.011527365387442073,0.08573661815486425,0.026369215940926508
97,MovieDetails,4143468,47256.46177062374,0.5317833213579857,0.08530825333331876,0.4424883077530523
98,learnprogramming,4132290,12.491718426501036,0.0001180697158012272,0.08507783795507733,0.017110023363656447
99,Cooking,4081865,23.35480572597137,0.00024031867236230483,0.08403841270477992,0.01699993747884583
100,iphone,4034333,5240.633673469388,0.05895354448809257,0.0830586217083072,0.0637745599321355
101,hardware,4039804,1146.423,0.012878891033244265,0.08317139702896911,0.026937392232389237
102,Entrepreneur,4054730,16.43111111111111,0.00016240210786452262,0.08347907102571556,0.01682573589143473
103,unitedkingdom,3956897,6007.334334334334,0.06758169532602226,0.08146241082715637,0.07035783842624908
104,careerguidance,3951960,7.114942528735632,5.756157248577937e-05,0.08136064300443513,0.01631817785887565
105,homeautomation,3945962,558.127254509018,0.0062584396778454674,0.0812370044788767,0.021254152638051714
106,changemyview,3722237,155.96861924686192,0.001732702916508503,0.07662529572086403,0.01671122147737961
107,psychology,3763112,399.2177650429799,0.004470134130874127,0.07746786403233467,0.019069680111166238
108,running,3563388,40.88677354709419,0.00043761661478969896,0.07335089489618393,0.015020272271068547
109,compsci,3543530,324.57578840284845,0.0036301423763793147,0.07294155614317638,0.01749242512973873
110,motorcycles,3459202,6279.774647887324,0.07064763258113847,0.0712032784533979,0.07075876175559037
111,math,3311797,1373.343718592965,0.01543256848287983,0.06816477614263755,0.025979010014831376
112,HealthyFood,3181373,297.0983606557377,0.0033209220987119818,0.06547630814373244,0.015751999307716074
113,chemistry,3175750,40.7204843592331,0.00043574526098916395,0.06536039960268292,0.013420676129327916
114,Baking,3136607,360.4098690835851,0.004033405173757287,0.06455353351299742,0.016137430841605314
115,StockMarket,3063722,2152.527149321267,0.02420119555456507,0.06305113372384666,0.03197118318842139
116,oddlyspecific,3082179,3906.109067017083,0.04393532396326703,0.06343159325472894,0.04783457782155941
117,JapanTravel,3037852,252.55767301905718,0.002819678535258103,0.06251786785919233,0.01475931640004495
118,bodybuilding,2941805,2604.5423387096776,0.029287998571897476,0.06053802300018756,0.03553800345755549
119,Astronomy,2944131,4457.547834843907,0.05014100123674734,0.06058596951743479,0.05222999489288483
120,writing,2942340,1622.394279877426,0.018235286569243784,0.06054905111142026,0.02669803947767908
121,Health,3041958,1117.5515515515515,0.012553982989156111,0.06260250603624183,0.02256368759857326
122,Atheism,2908535,23792.5898989899,0.26773003943969376,0.059852218774557514,0.22615447530666652
123,travelpartners,117036,20.093093093093092,0.00020361262784852313,0.002310234703561381,0.0006249370429910947
